Id,Message,Category,Severity,Created,Processed,"Payload 1","Payload 2","Payload 3","Payload 4","Payload 5"
21,"Test alert",testCategory2,5,"January 24, 2017",,,,,,
20,"Test alert",testCategory2,0,"January 23, 2017",,,,,,
19,"Test alert",testCategory2,0,"January 23, 2017",,,,,,
18,"Test alert",bobob,0,"January 23, 2017",,,,,,
17,"Test alert",bobob,0,"January 23, 2017",,,,,,
16,"Test alert",testCategory2,0,"January 22, 2017",,,,,,
15,"Test alert",testCategory2,0,"January 22, 2017",,,,,,
14,"Test alert",testCategory2,0,"January 22, 2017",,,,,,
13,"Test alert",testCategory1,0,"January 22, 2017",,,,,,
12,"Test alert",testCategory1,0,"January 22, 2017",,,,,,
11,"Test alert",testCategory1,0,"January 22, 2017",,,,,,
10,"Test alert",testCategory3,0,"January 22, 2017",,,,,,
9,"Test alert",testCategory3,0,"January 22, 2017",,,,,,
8,"Test alert",testCategory3,0,"January 22, 2017",,,,,,
7,"Test alert",testCategory3,0,"January 22, 2017",,,,,,
6,"Test alert",testCategory2,0,"January 22, 2017",,,,,,
5,"Test alert",testCategory2,0,"January 22, 2017",,,,,,
4,"Test alert",testCategory2,0,"January 22, 2017",,,,,,
3,"Test alert",testCategory1,0,"January 22, 2017",,,,,,
2,"Test alert",testCategory1,0,"January 22, 2017",,,,,,
1,"Test alert",testCategory1,0,"January 22, 2017",,,,,,
